Gender,NameSet,Title,GivenName,MiddleInitial,Surname,StreetAddress,City,State,ZipCode,EmailAddress,Username,Password,Age
female,American,Mrs.,Margaret,R,Vang,"2760 Colony Street",Hamden,CT,06473,MargaretRVang@cuvox.de,Retul1937,gu1aeKae8ah,82
female,American,Ms.,Ann,J,Hernandez,"1309 Lyndon Street",Philadelphia,PA,19103,AnnJHernandez@einrot.com,Meself,Aiy7naupei,36
female,American,Mrs.,Kathy,J,Bostic,"4395 Khale Street",Pritchardville,SC,29902,KathyJBostic@fleckens.hu,Ancy1950,soo5ohooSh,69
male,American,Mr.,Phillip,L,Hill,"710 Eagle Street","Saint Louis",IL,63146,PhillipLHill@cuvox.de,Thrainater,yi1Coshai,49
male,American,Mr.,Paul,B,Frary,"2527 Broad Street",Birmingham,AL,35222,PaulBFrary@armyspy.com,Liess1944,Oseega3zoh,76
male,American,Mr.,David,A,Chitwood,"1939 Byrd Lane",Grants,NM,87020,DavidAChitwood@gustr.com,Inglast,ingeNgeeGh2Ie,28
male,American,Mr.,Richard,T,Cooley,"1152 Lauren Drive",Madison,WI,53703,RichardTCooley@cuvox.de,Domesed,sha5AeNg4,27
male,American,Mr.,Clinton,P,Lillis,"1245 New York Avenue","Fort Worth",TX,76104,ClintonPLillis@fleckens.hu,Thouthe67,Rahtin5pie,52
female,American,Ms.,Ann,J,Cuevas,"3753 Mahlon Street","West Osbornsville",NJ,08723,AnnJCuevas@dayrep.com,Creeidell,eR3ahth7ujei,50
male,American,Mr.,James,P,Crump,"3638 Ocello Street","San Diego",CA,92117,JamesPCrump@superrito.com,Actemend,pe0moowab7Soh,74
female,American,Mrs.,Cynthia,P,Sandoz,"3779 Thunder Road","San Francisco",CA,94143,CynthiaPSandoz@gustr.com,Tess1934,eeShai1Sev6x,85
male,American,Mr.,Karl,A,Stewart,"1268 Pine Tree Lane",Reston,MD,20191,KarlAStewart@einrot.com,Rowas1952,Ahruelimoe2,68
female,American,Mrs.,Antoinette,L,Payeur,"3609 Skips Lane",Prescott,AZ,86301,AntoinetteLPayeur@fleckens.hu,Agained,thee1da2Ai,70
female,American,Ms.,Jo,B,Adames,"2220 Henry Ford Avenue","New York",NY,10014,JoBAdames@cuvox.de,Andutimmose,lai1ruFu,34
female,American,Ms.,Helen,C,Cason,"1714 Rowes Lane",Elizabethtown,KY,42701,HelenCCason@superrito.com,Holdia,eeGh7ighe,56
female,American,Ms.,Janice,K,Marguez,"218 Walkers Ridge Way","Hickory Hills",IL,60457,JaniceKMarguez@superrito.com,Supothosula,rei8dooNg,47
female,American,Ms.,Angel,R,McFarlin,"4301 West Fork Street",Missoula,MT,59802,AngelRMcFarlin@armyspy.com,Foreadfat,foeK8joYae2ai,37
female,American,Ms.,Betty,K,Page,"797 Columbia Road",Philadelphia,DE,19146,BettyKPage@einrot.com,Inattleaces,RoTh5AoYeib,46
male,American,Mr.,Carl,J,Hendon,"3488 White Oak Drive","Kansas City",MO,64106,CarlJHendon@dayrep.com,Milved,oraepah3ohT,42
male,American,Mr.,Jonathan,C,Brown,"2582 Colonial Drive","College Station",TX,77840,JonathanCBrown@superrito.com,Thapecou,ohsh8Eiy7R,44
female,American,Ms.,Minnie,A,Martin,"2761 George Avenue",Mobile,AL,36608,MinnieAMartin@jourrapide.com,Lienshe,ogieHo3t,51
female,American,Ms.,Faye,D,Waller,"2786 Abia Martin Drive",Commack,NY,11725,FayeDWaller@dayrep.com,Fallsocring,dukee4AeTh,38
female,American,Ms.,Dawn,O,Samuels,"4906 Mulberry Lane","Palm Beach Gardens",FL,33418,DawnOSamuels@jourrapide.com,Boung1957,Dief7iuxie,62
male,American,Mr.,Danny,C,Cook,"1151 Cherry Ridge Drive",Roseville,MI,48066,DannyCCook@dayrep.com,Butc1951,sheeH3uo,69
male,American,Mr.,Marvin,J,Daniel,"2447 Indiana Avenue",Waipahu,HI,96797,MarvinJDaniel@dayrep.com,Railiciere,cee5ieTah5,52
female,American,Ms.,Cheryl,P,Tubbs,"4078 Todds Lane","San Antonio",TX,78217,CherylPTubbs@jourrapide.com,Amons1984,Euphaikai3,36
female,American,Mrs.,Sharon,W,Barton,"4236 Shinn Avenue",Crafton,PA,15205,SharonWBarton@teleworm.us,Imbeat,iemieDai0n,48
male,American,Mr.,Marcus,N,Watts,"1017 Webster Street",Keyport,NJ,07735,MarcusNWatts@einrot.com,Tallip,Yaezai6fae8,69
male,American,Mr.,Jesse,G,Bowers,"1238 Hall Valley Drive",Clarksburg,WV,26301,JesseGBowers@dayrep.com,Dents1983,NohquioD1kee,36
male,American,Mr.,Wilbur,C,Pate,"27 Maple Street",Riverside,CA,92501,WilburCPate@superrito.com,Ladve1965,Thei9ozah9,54
